{"spot_diameter_fullres": 55.95720628706302, "tissue_hires_scalef": 0.24414062, "fiducial_diameter_fullres": 90.39241015602488, "tissue_lowres_scalef": 0.07324219}